{
"__comment": "Designed by Tptyfe with BDcraft Cubik PRO 0.85 Beta - http://bdcraft.net",
"textures": {
    "particle": "blocks/jukebox_side",
    "top": "blocks/jukebox_top",
	"side": "blocks/jukebox_side"
},
"elements": [ 
{
    "from": [ 7, 14.5, 3 ],
    "to": [ 9, 15.5, 13 ],
    "faces": {
        "down":  { "uv": [ 7, 13, 9, 3 ], "texture": "#side" },
        "up":    { "uv": [ 7, 3, 9, 13 ], "texture": "#top" },
        "north": { "uv": [ 7, 0.5, 9, 1.5 ], "texture": "#side" },
        "south": { "uv": [ 7, 0.5, 9, 1.5 ], "texture": "#side" },
        "west":  { "uv": [ 3, 0.5, 13, 1.5 ], "texture": "#side" },
        "east":  { "uv": [ 3, 0.5, 13, 1.5 ], "texture": "#side" }
    }
},
{
    "from": [ 7, 0, 0 ],
    "to": [ 9, 16, 3 ],
    "faces": {
        "down":  { "uv": [ 7, 3, 9, 0 ], "texture": "#side" },
        "up":    { "uv": [ 7, 0, 9, 3 ], "texture": "#top" },
        "north": { "uv": [ 7, 0, 9, 16 ], "texture": "#side" },
        "south": { "uv": [ 7, 0, 9, 16 ], "texture": "#side" },
        "west":  { "uv": [ 0, 0, 3, 16 ], "texture": "#side" },
        "east":  { "uv": [ 13, 0, 16, 16 ], "texture": "#side" }
    }
},
{
    "from": [ 7, 0, 13 ],
    "to": [ 9, 16, 16 ],
    "faces": {
        "down":  { "uv": [ 7, 16, 9, 13 ], "texture": "#side" },
        "up":    { "uv": [ 7, 13, 9, 16 ], "texture": "#top" },
        "north": { "uv": [ 7, 0, 9, 16 ], "texture": "#side" },
        "south": { "uv": [ 7, 0, 9, 16 ], "texture": "#side" },
        "west":  { "uv": [ 13, 0, 16, 16 ], "texture": "#side" },
        "east":  { "uv": [ 0, 0, 3, 16 ], "texture": "#side" }
    }
},
{
    "from": [ 9, 0, 0 ],
    "to": [ 16, 16, 16 ],
    "faces": {
        "down":  { "uv": [ 9, 16, 16, 0 ], "texture": "#side" },
        "up":    { "uv": [ 9, 0, 16, 16 ], "texture": "#top" },
        "north": { "uv": [ 0, 0, 7, 16 ], "texture": "#side" },
        "south": { "uv": [ 9, 0, 16, 16 ], "texture": "#side" },
        "west":  { "uv": [ 0, 0, 16, 16 ], "texture": "#side" },
        "east":  { "uv": [ 0, 0, 16, 16 ], "texture": "#side" }
    }
},
{
    "from": [ 0, 0, 0 ],
    "to": [ 7, 16, 16 ],
    "faces": {
        "down":  { "uv": [ 0, 16, 7, 0 ], "texture": "#side" },
        "up":    { "uv": [ 0, 0, 7, 16 ], "texture": "#top" },
        "north": { "uv": [ 9, 0, 16, 16 ], "texture": "#side" },
        "south": { "uv": [ 0, 0, 7, 16 ], "texture": "#side" },
        "west":  { "uv": [ 0, 0, 16, 16 ], "texture": "#side" },
        "east":  { "uv": [ 0, 0, 16, 16 ], "texture": "#side" }
    }
}
]
}