{
"__comment": "Designed by Tptyfe with BDcraft Cubik PRO 0.85 Beta - http://bdcraft.net",
"textures": {
    "particle": "blocks/ladder",
    "texture": "blocks/ladder"
},
"elements": [ 
{
    "from": [ 2, 0, 14 ],
    "to": [ 4, 16, 16 ],
    "faces": {
        "down":  { "uv": [ 2, 16, 4, 14 ], "texture": "#texture" },
        "up":    { "uv": [ 2, 14, 4, 16 ], "texture": "#texture" },
        "north": { "uv": [ 12, 0, 14, 16 ], "texture": "#texture" },
        "south": { "uv": [ 2, 0, 4, 16 ], "texture": "#texture" },
        "west":  { "uv": [ 12, 0, 14, 16 ], "texture": "#texture" },
        "east":  { "uv": [ 2, 0, 4, 16 ], "texture": "#texture" }
    }
},
{
    "from": [ 12, 0, 14 ],
    "to": [ 14, 16, 16 ],
    "faces": {
        "down":  { "uv": [ 12, 16, 14, 14 ], "texture": "#texture" },
        "up":    { "uv": [ 12, 14, 14, 16 ], "texture": "#texture" },
        "north": { "uv": [ 2, 0, 4, 16 ], "texture": "#texture" },
        "south": { "uv": [ 12, 0, 14, 16 ], "texture": "#texture" },
        "west":  { "uv": [ 12, 0, 14, 16 ], "texture": "#texture" },
        "east":  { "uv": [ 2, 0, 4, 16 ], "texture": "#texture" }
    }
},
{
    "from": [ 1, 13, 14.5 ],
    "to": [ 15, 15, 15.5 ],
    "faces": {
        "down":  { "uv": [ 1, 14.5, 15, 13.5 ], "texture": "#texture" },
        "up":    { "uv": [ 1, 13.5, 15, 14.5 ], "texture": "#texture" },
        "north": { "uv": [ 1, 1, 15, 3 ], "texture": "#texture" },
        "south": { "uv": [ 1, 1, 15, 3 ], "texture": "#texture" },
        "west":  { "uv": [ 14, 1, 15, 3 ], "texture": "#texture" },
        "east":  { "uv": [ 14, 1, 15, 3 ], "texture": "#texture" }
    }
},
{
    "from": [ 1, 9, 14.5 ],
    "to": [ 15, 11, 15.5 ],
    "faces": {
        "down":  { "uv": [ 1, 14.5, 15, 13.5 ], "texture": "#texture" },
        "up":    { "uv": [ 1, 13.5, 15, 14.5 ], "texture": "#texture" },
        "north": { "uv": [ 1, 5, 15, 7 ], "texture": "#texture" },
        "south": { "uv": [ 1, 5, 15, 7 ], "texture": "#texture" },
        "west":  { "uv": [ 14, 5, 15, 7 ], "texture": "#texture" },
        "east":  { "uv": [ 14, 5, 15, 7 ], "texture": "#texture" }
    }
},
{
    "from": [ 1, 5, 14.5 ],
    "to": [ 15, 7, 15.5 ],
    "faces": {
        "down":  { "uv": [ 1, 14.5, 15, 13.5 ], "texture": "#texture" },
        "up":    { "uv": [ 1, 13.5, 15, 14.5 ], "texture": "#texture" },
        "north": { "uv": [ 1, 9, 15, 11 ], "texture": "#texture" },
        "south": { "uv": [ 1, 9, 15, 11 ], "texture": "#texture" },
        "west":  { "uv": [ 14, 9, 15, 11 ], "texture": "#texture" },
        "east":  { "uv": [ 14, 9, 15, 11 ], "texture": "#texture" }
    }
},
{
    "from": [ 1, 1, 14.5 ],
    "to": [ 15, 3, 15.5 ],
    "faces": {
        "down":  { "uv": [ 1, 14.5, 15, 13.5 ], "texture": "#texture" },
        "up":    { "uv": [ 1, 13.5, 15, 14.5 ], "texture": "#texture" },
        "north": { "uv": [ 1, 13, 15, 15 ], "texture": "#texture" },
        "south": { "uv": [ 1, 13, 15, 15 ], "texture": "#texture" },
        "west":  { "uv": [ 14, 13, 15, 15 ], "texture": "#texture" },
        "east":  { "uv": [ 14, 13, 15, 15 ], "texture": "#texture" }
    }
}
]
}