{
"__comment": "Designed by Tptyfe with BDcraft Cubik PRO 0.85 Beta - http://bdcraft.net",
"textures": {
    "particle": "blocks/mob_spawner",
    "texture": "blocks/mob_spawner"
},
"elements": [ 
{
    "from": [ 15.5, 0.5, 13 ],
    "to": [ 16, 15.5, 13.5 ],
    "faces": {
        "down":  { "uv": [ 15.5, 13.5, 16, 13 ], "texture": "#texture" },
        "up":    { "uv": [ 15.5, 13, 16, 13.5 ], "texture": "#texture" },
        "north": { "uv": [ 0, 0.5, 0.5, 15.5 ], "texture": "#texture" },
        "south": { "uv": [ 15.5, 0.5, 16, 15.5 ], "texture": "#texture" },
        "west":  { "uv": [ 13, 0.5, 13.5, 15.5 ], "texture": "#texture" },
        "east":  { "uv": [ 2.5, 0.5, 3, 15.5 ], "texture": "#texture" }
    }
},
{
    "from": [ 15.5, 0.5, 10 ],
    "to": [ 16, 15.5, 10.5 ],
    "faces": {
        "down":  { "uv": [ 15.5, 10.5, 16, 10 ], "texture": "#texture" },
        "up":    { "uv": [ 15.5, 10, 16, 10.5 ], "texture": "#texture" },
        "north": { "uv": [ 0, 0.5, 0.5, 15.5 ], "texture": "#texture" },
        "south": { "uv": [ 15.5, 0.5, 16, 15.5 ], "texture": "#texture" },
        "west":  { "uv": [ 10, 0.5, 10.5, 15.5 ], "texture": "#texture" },
        "east":  { "uv": [ 5.5, 0.5, 6, 15.5 ], "texture": "#texture" }
    }
},
{
    "from": [ 15.5, 0.5, 5.5 ],
    "to": [ 16, 15.5, 6 ],
    "faces": {
        "down":  { "uv": [ 15.5, 6, 16, 5.5 ], "texture": "#texture" },
        "up":    { "uv": [ 15.5, 5.5, 16, 6 ], "texture": "#texture" },
        "north": { "uv": [ 0, 0.5, 0.5, 15.5 ], "texture": "#texture" },
        "south": { "uv": [ 15.5, 0.5, 16, 15.5 ], "texture": "#texture" },
        "west":  { "uv": [ 5.5, 0.5, 6, 15.5 ], "texture": "#texture" },
        "east":  { "uv": [ 10, 0.5, 10.5, 15.5 ], "texture": "#texture" }
    }
},
{
    "from": [ 15.5, 0.5, 2.5 ],
    "to": [ 16, 15.5, 3 ],
    "faces": {
        "down":  { "uv": [ 15.5, 3, 16, 2.5 ], "texture": "#texture" },
        "up":    { "uv": [ 15.5, 2.5, 16, 3 ], "texture": "#texture" },
        "north": { "uv": [ 0, 0.5, 0.5, 15.5 ], "texture": "#texture" },
        "south": { "uv": [ 15.5, 0.5, 16, 15.5 ], "texture": "#texture" },
        "west":  { "uv": [ 2.5, 0.5, 3, 15.5 ], "texture": "#texture" },
        "east":  { "uv": [ 13, 0.5, 13.5, 15.5 ], "texture": "#texture" }
    }
},
{
    "from": [ 15.5, 2.5, 0.5 ],
    "to": [ 16, 3, 15.5 ],
    "faces": {
        "down":  { "uv": [ 15.5, 15.5, 16, 0.5 ], "texture": "#texture" },
        "up":    { "uv": [ 15.5, 0.5, 16, 15.5 ], "texture": "#texture" },
        "north": { "uv": [ 0, 13, 0.5, 13.5 ], "texture": "#texture" },
        "south": { "uv": [ 15.5, 13, 16, 13.5 ], "texture": "#texture" },
        "west":  { "uv": [ 0.5, 13, 15.5, 13.5 ], "texture": "#texture" },
        "east":  { "uv": [ 0.5, 13, 15.5, 13.5 ], "texture": "#texture" }
    }
},
{
    "from": [ 15.5, 5.5, 0.5 ],
    "to": [ 16, 6, 15.5 ],
    "faces": {
        "down":  { "uv": [ 15.5, 15.5, 16, 0.5 ], "texture": "#texture" },
        "up":    { "uv": [ 15.5, 0.5, 16, 15.5 ], "texture": "#texture" },
        "north": { "uv": [ 0, 10, 0.5, 10.5 ], "texture": "#texture" },
        "south": { "uv": [ 15.5, 10, 16, 10.5 ], "texture": "#texture" },
        "west":  { "uv": [ 0.5, 10, 15.5, 10.5 ], "texture": "#texture" },
        "east":  { "uv": [ 0.5, 10, 15.5, 10.5 ], "texture": "#texture" }
    }
},
{
    "from": [ 15.5, 10, 0.5 ],
    "to": [ 16, 10.5, 15.5 ],
    "faces": {
        "down":  { "uv": [ 15.5, 15.5, 16, 0.5 ], "texture": "#texture" },
        "up":    { "uv": [ 15.5, 0.5, 16, 15.5 ], "texture": "#texture" },
        "north": { "uv": [ 0, 5.5, 0.5, 6 ], "texture": "#texture" },
        "south": { "uv": [ 15.5, 5.5, 16, 6 ], "texture": "#texture" },
        "west":  { "uv": [ 0.5, 5.5, 15.5, 6 ], "texture": "#texture" },
        "east":  { "uv": [ 0.5, 5.5, 15.5, 6 ], "texture": "#texture" }
    }
},
{
    "from": [ 15.5, 13, 0.5 ],
    "to": [ 16, 13.5, 15.5 ],
    "faces": {
        "down":  { "uv": [ 15.5, 15.5, 16, 0.5 ], "texture": "#texture" },
        "up":    { "uv": [ 15.5, 0.5, 16, 15.5 ], "texture": "#texture" },
        "north": { "uv": [ 0, 2.5, 0.5, 3 ], "texture": "#texture" },
        "south": { "uv": [ 15.5, 2.5, 16, 3 ], "texture": "#texture" },
        "west":  { "uv": [ 0.5, 2.5, 15.5, 3 ], "texture": "#texture" },
        "east":  { "uv": [ 0.5, 2.5, 15.5, 3 ], "texture": "#texture" }
    }
},
{
    "from": [ 0.5, 2.5, 15.5 ],
    "to": [ 15.5, 3, 16 ],
    "faces": {
        "down":  { "uv": [ 0.5, 16, 15.5, 15.5 ], "texture": "#texture" },
        "up":    { "uv": [ 0.5, 15.5, 15.5, 16 ], "texture": "#texture" },
        "north": { "uv": [ 0.5, 13, 15.5, 13.5 ], "texture": "#texture" },
        "south": { "uv": [ 0.5, 13, 15.5, 13.5 ], "texture": "#texture" },
        "west":  { "uv": [ 15.5, 13, 16, 13.5 ], "texture": "#texture" },
        "east":  { "uv": [ 0, 13, 0.5, 13.5 ], "texture": "#texture" }
    }
},
{
    "from": [ 0.5, 5.5, 15.5 ],
    "to": [ 15.5, 6, 16 ],
    "faces": {
        "down":  { "uv": [ 0.5, 16, 15.5, 15.5 ], "texture": "#texture" },
        "up":    { "uv": [ 0.5, 15.5, 15.5, 16 ], "texture": "#texture" },
        "north": { "uv": [ 0.5, 10, 15.5, 10.5 ], "texture": "#texture" },
        "south": { "uv": [ 0.5, 10, 15.5, 10.5 ], "texture": "#texture" },
        "west":  { "uv": [ 15.5, 10, 16, 10.5 ], "texture": "#texture" },
        "east":  { "uv": [ 0, 10, 0.5, 10.5 ], "texture": "#texture" }
    }
},
{
    "from": [ 0.5, 10, 15.5 ],
    "to": [ 15.5, 10.5, 16 ],
    "faces": {
        "down":  { "uv": [ 0.5, 16, 15.5, 15.5 ], "texture": "#texture" },
        "up":    { "uv": [ 0.5, 15.5, 15.5, 16 ], "texture": "#texture" },
        "north": { "uv": [ 0.5, 5.5, 15.5, 6 ], "texture": "#texture" },
        "south": { "uv": [ 0.5, 5.5, 15.5, 6 ], "texture": "#texture" },
        "west":  { "uv": [ 15.5, 5.5, 16, 6 ], "texture": "#texture" },
        "east":  { "uv": [ 0, 5.5, 0.5, 6 ], "texture": "#texture" }
    }
},
{
    "from": [ 0.5, 13, 15.5 ],
    "to": [ 15.5, 13.5, 16 ],
    "faces": {
        "down":  { "uv": [ 0.5, 16, 15.5, 15.5 ], "texture": "#texture" },
        "up":    { "uv": [ 0.5, 15.5, 15.5, 16 ], "texture": "#texture" },
        "north": { "uv": [ 0.5, 2.5, 15.5, 3 ], "texture": "#texture" },
        "south": { "uv": [ 0.5, 2.5, 15.5, 3 ], "texture": "#texture" },
        "west":  { "uv": [ 15.5, 2.5, 16, 3 ], "texture": "#texture" },
        "east":  { "uv": [ 0, 2.5, 0.5, 3 ], "texture": "#texture" }
    }
},
{
    "from": [ 13, 0.5, 15.5 ],
    "to": [ 13.5, 15.5, 16 ],
    "faces": {
        "down":  { "uv": [ 13, 16, 13.5, 15.5 ], "texture": "#texture" },
        "up":    { "uv": [ 13, 15.5, 13.5, 16 ], "texture": "#texture" },
        "north": { "uv": [ 2.5, 0.5, 3, 15.5 ], "texture": "#texture" },
        "south": { "uv": [ 13, 0.5, 13.5, 15.5 ], "texture": "#texture" },
        "west":  { "uv": [ 15.5, 0.5, 16, 15.5 ], "texture": "#texture" },
        "east":  { "uv": [ 0, 0.5, 0.5, 15.5 ], "texture": "#texture" }
    }
},
{
    "from": [ 10, 0.5, 15.5 ],
    "to": [ 10.5, 15.5, 16 ],
    "faces": {
        "down":  { "uv": [ 10, 16, 10.5, 15.5 ], "texture": "#texture" },
        "up":    { "uv": [ 10, 15.5, 10.5, 16 ], "texture": "#texture" },
        "north": { "uv": [ 5.5, 0.5, 6, 15.5 ], "texture": "#texture" },
        "south": { "uv": [ 10, 0.5, 10.5, 15.5 ], "texture": "#texture" },
        "west":  { "uv": [ 15.5, 0.5, 16, 15.5 ], "texture": "#texture" },
        "east":  { "uv": [ 0, 0.5, 0.5, 15.5 ], "texture": "#texture" }
    }
},
{
    "from": [ 5.5, 0.5, 15.5 ],
    "to": [ 6, 15.5, 16 ],
    "faces": {
        "down":  { "uv": [ 5.5, 16, 6, 15.5 ], "texture": "#texture" },
        "up":    { "uv": [ 5.5, 15.5, 6, 16 ], "texture": "#texture" },
        "north": { "uv": [ 10, 0.5, 10.5, 15.5 ], "texture": "#texture" },
        "south": { "uv": [ 5.5, 0.5, 6, 15.5 ], "texture": "#texture" },
        "west":  { "uv": [ 15.5, 0.5, 16, 15.5 ], "texture": "#texture" },
        "east":  { "uv": [ 0, 0.5, 0.5, 15.5 ], "texture": "#texture" }
    }
},
{
    "from": [ 2.5, 0.5, 15.5 ],
    "to": [ 3, 15.5, 16 ],
    "faces": {
        "down":  { "uv": [ 2.5, 16, 3, 15.5 ], "texture": "#texture" },
        "up":    { "uv": [ 2.5, 15.5, 3, 16 ], "texture": "#texture" },
        "north": { "uv": [ 13, 0.5, 13.5, 15.5 ], "texture": "#texture" },
        "south": { "uv": [ 2.5, 0.5, 3, 15.5 ], "texture": "#texture" },
        "west":  { "uv": [ 15.5, 0.5, 16, 15.5 ], "texture": "#texture" },
        "east":  { "uv": [ 0, 0.5, 0.5, 15.5 ], "texture": "#texture" }
    }
},
{
    "from": [ 0.5, 0, 13 ],
    "to": [ 15.5, 0.5, 13.5 ],
    "faces": {
        "down":  { "uv": [ 0.5, 13.5, 15.5, 13 ], "texture": "#texture" },
        "up":    { "uv": [ 0.5, 13, 15.5, 13.5 ], "texture": "#texture" },
        "north": { "uv": [ 0.5, 15.5, 15.5, 16 ], "texture": "#texture" },
        "south": { "uv": [ 0.5, 15.5, 15.5, 16 ], "texture": "#texture" },
        "west":  { "uv": [ 13, 15.5, 13.5, 16 ], "texture": "#texture" },
        "east":  { "uv": [ 2.5, 15.5, 3, 16 ], "texture": "#texture" }
    }
},
{
    "from": [ 0.5, 0, 10 ],
    "to": [ 15.5, 0.5, 10.5 ],
    "faces": {
        "down":  { "uv": [ 0.5, 10.5, 15.5, 10 ], "texture": "#texture" },
        "up":    { "uv": [ 0.5, 10, 15.5, 10.5 ], "texture": "#texture" },
        "north": { "uv": [ 0.5, 15.5, 15.5, 16 ], "texture": "#texture" },
        "south": { "uv": [ 0.5, 15.5, 15.5, 16 ], "texture": "#texture" },
        "west":  { "uv": [ 10, 15.5, 10.5, 16 ], "texture": "#texture" },
        "east":  { "uv": [ 5.5, 15.5, 6, 16 ], "texture": "#texture" }
    }
},
{
    "from": [ 0.5, 0, 5.5 ],
    "to": [ 15.5, 0.5, 6 ],
    "faces": {
        "down":  { "uv": [ 0.5, 6, 15.5, 5.5 ], "texture": "#texture" },
        "up":    { "uv": [ 0.5, 5.5, 15.5, 6 ], "texture": "#texture" },
        "north": { "uv": [ 0.5, 15.5, 15.5, 16 ], "texture": "#texture" },
        "south": { "uv": [ 0.5, 15.5, 15.5, 16 ], "texture": "#texture" },
        "west":  { "uv": [ 5.5, 15.5, 6, 16 ], "texture": "#texture" },
        "east":  { "uv": [ 10, 15.5, 10.5, 16 ], "texture": "#texture" }
    }
},
{
    "from": [ 0.5, 0, 2.5 ],
    "to": [ 15.5, 0.5, 3 ],
    "faces": {
        "down":  { "uv": [ 0.5, 3, 15.5, 2.5 ], "texture": "#texture" },
        "up":    { "uv": [ 0.5, 2.5, 15.5, 3 ], "texture": "#texture" },
        "north": { "uv": [ 0.5, 15.5, 15.5, 16 ], "texture": "#texture" },
        "south": { "uv": [ 0.5, 15.5, 15.5, 16 ], "texture": "#texture" },
        "west":  { "uv": [ 2.5, 15.5, 3, 16 ], "texture": "#texture" },
        "east":  { "uv": [ 13, 15.5, 13.5, 16 ], "texture": "#texture" }
    }
},
{
    "from": [ 13, 0, 0.5 ],
    "to": [ 13.5, 0.5, 15.5 ],
    "faces": {
        "down":  { "uv": [ 13, 15.5, 13.5, 0.5 ], "texture": "#texture" },
        "up":    { "uv": [ 13, 0.5, 13.5, 15.5 ], "texture": "#texture" },
        "north": { "uv": [ 2.5, 15.5, 3, 16 ], "texture": "#texture" },
        "south": { "uv": [ 13, 15.5, 13.5, 16 ], "texture": "#texture" },
        "west":  { "uv": [ 0.5, 15.5, 15.5, 16 ], "texture": "#texture" },
        "east":  { "uv": [ 0.5, 15.5, 15.5, 16 ], "texture": "#texture" }
    }
},
{
    "from": [ 10, 0, 0.5 ],
    "to": [ 10.5, 0.5, 15.5 ],
    "faces": {
        "down":  { "uv": [ 10, 15.5, 10.5, 0.5 ], "texture": "#texture" },
        "up":    { "uv": [ 10, 0.5, 10.5, 15.5 ], "texture": "#texture" },
        "north": { "uv": [ 5.5, 15.5, 6, 16 ], "texture": "#texture" },
        "south": { "uv": [ 10, 15.5, 10.5, 16 ], "texture": "#texture" },
        "west":  { "uv": [ 0.5, 15.5, 15.5, 16 ], "texture": "#texture" },
        "east":  { "uv": [ 0.5, 15.5, 15.5, 16 ], "texture": "#texture" }
    }
},
{
    "from": [ 5.5, 0, 0.5 ],
    "to": [ 6, 0.5, 15.5 ],
    "faces": {
        "down":  { "uv": [ 5.5, 15.5, 6, 0.5 ], "texture": "#texture" },
        "up":    { "uv": [ 5.5, 0.5, 6, 15.5 ], "texture": "#texture" },
        "north": { "uv": [ 10, 15.5, 10.5, 16 ], "texture": "#texture" },
        "south": { "uv": [ 5.5, 15.5, 6, 16 ], "texture": "#texture" },
        "west":  { "uv": [ 0.5, 15.5, 15.5, 16 ], "texture": "#texture" },
        "east":  { "uv": [ 0.5, 15.5, 15.5, 16 ], "texture": "#texture" }
    }
},
{
    "from": [ 2.5, 0, 0.5 ],
    "to": [ 3, 0.5, 15.5 ],
    "faces": {
        "down":  { "uv": [ 2.5, 15.5, 3, 0.5 ], "texture": "#texture" },
        "up":    { "uv": [ 2.5, 0.5, 3, 15.5 ], "texture": "#texture" },
        "north": { "uv": [ 13, 15.5, 13.5, 16 ], "texture": "#texture" },
        "south": { "uv": [ 2.5, 15.5, 3, 16 ], "texture": "#texture" },
        "west":  { "uv": [ 0.5, 15.5, 15.5, 16 ], "texture": "#texture" },
        "east":  { "uv": [ 0.5, 15.5, 15.5, 16 ], "texture": "#texture" }
    }
},
{
    "from": [ 0, 0, 15.5 ],
    "to": [ 16, 0.5, 16 ],
    "faces": {
        "down":  { "uv": [ 0, 16, 16, 15.5 ], "texture": "#texture" },
        "up":    { "uv": [ 0, 15.5, 16, 16 ], "texture": "#texture" },
        "north": { "uv": [ 0, 15.5, 16, 16 ], "texture": "#texture" },
        "south": { "uv": [ 0, 15.5, 16, 16 ], "texture": "#texture" },
        "west":  { "uv": [ 15.5, 15.5, 16, 16 ], "texture": "#texture" },
        "east":  { "uv": [ 0, 15.5, 0.5, 16 ], "texture": "#texture" }
    }
},
{
    "from": [ 15.5, 0, 15.5 ],
    "to": [ 16, 16, 16 ],
    "faces": {
        "down":  { "uv": [ 15.5, 16, 16, 15.5 ], "texture": "#texture" },
        "up":    { "uv": [ 15.5, 15.5, 16, 16 ], "texture": "#texture" },
        "north": { "uv": [ 0, 0, 0.5, 16 ], "texture": "#texture" },
        "south": { "uv": [ 15.5, 0, 16, 16 ], "texture": "#texture" },
        "west":  { "uv": [ 15.5, 0, 16, 16 ], "texture": "#texture" },
        "east":  { "uv": [ 0, 0, 0.5, 16 ], "texture": "#texture" }
    }
},
{
    "from": [ 15.5, 0, 0 ],
    "to": [ 16, 0.5, 16 ],
    "faces": {
        "down":  { "uv": [ 15.5, 16, 16, 0 ], "texture": "#texture" },
        "up":    { "uv": [ 15.5, 0, 16, 16 ], "texture": "#texture" },
        "north": { "uv": [ 0, 15.5, 0.5, 16 ], "texture": "#texture" },
        "south": { "uv": [ 15.5, 15.5, 16, 16 ], "texture": "#texture" },
        "west":  { "uv": [ 0, 15.5, 16, 16 ], "texture": "#texture" },
        "east":  { "uv": [ 0, 15.5, 16, 16 ], "texture": "#texture" }
    }
},
{
    "from": [ 0, 2.5, 0.5 ],
    "to": [ 0.5, 3, 15.5 ],
    "faces": {
        "down":  { "uv": [ 0, 15.5, 0.5, 0.5 ], "texture": "#texture" },
        "up":    { "uv": [ 0, 0.5, 0.5, 15.5 ], "texture": "#texture" },
        "north": { "uv": [ 15.5, 13, 16, 13.5 ], "texture": "#texture" },
        "south": { "uv": [ 0, 13, 0.5, 13.5 ], "texture": "#texture" },
        "west":  { "uv": [ 0.5, 13, 15.5, 13.5 ], "texture": "#texture" },
        "east":  { "uv": [ 0.5, 13, 15.5, 13.5 ], "texture": "#texture" }
    }
},
{
    "from": [ 0, 5.5, 0.5 ],
    "to": [ 0.5, 6, 15.5 ],
    "faces": {
        "down":  { "uv": [ 0, 15.5, 0.5, 0.5 ], "texture": "#texture" },
        "up":    { "uv": [ 0, 0.5, 0.5, 15.5 ], "texture": "#texture" },
        "north": { "uv": [ 15.5, 10, 16, 10.5 ], "texture": "#texture" },
        "south": { "uv": [ 0, 10, 0.5, 10.5 ], "texture": "#texture" },
        "west":  { "uv": [ 0.5, 10, 15.5, 10.5 ], "texture": "#texture" },
        "east":  { "uv": [ 0.5, 10, 15.5, 10.5 ], "texture": "#texture" }
    }
},
{
    "from": [ 0, 10, 0.5 ],
    "to": [ 0.5, 10.5, 15.5 ],
    "faces": {
        "down":  { "uv": [ 0, 15.5, 0.5, 0.5 ], "texture": "#texture" },
        "up":    { "uv": [ 0, 0.5, 0.5, 15.5 ], "texture": "#texture" },
        "north": { "uv": [ 15.5, 5.5, 16, 6 ], "texture": "#texture" },
        "south": { "uv": [ 0, 5.5, 0.5, 6 ], "texture": "#texture" },
        "west":  { "uv": [ 0.5, 5.5, 15.5, 6 ], "texture": "#texture" },
        "east":  { "uv": [ 0.5, 5.5, 15.5, 6 ], "texture": "#texture" }
    }
},
{
    "from": [ 0, 13, 0.5 ],
    "to": [ 0.5, 13.5, 15.5 ],
    "faces": {
        "down":  { "uv": [ 0, 15.5, 0.5, 0.5 ], "texture": "#texture" },
        "up":    { "uv": [ 0, 0.5, 0.5, 15.5 ], "texture": "#texture" },
        "north": { "uv": [ 15.5, 2.5, 16, 3 ], "texture": "#texture" },
        "south": { "uv": [ 0, 2.5, 0.5, 3 ], "texture": "#texture" },
        "west":  { "uv": [ 0.5, 2.5, 15.5, 3 ], "texture": "#texture" },
        "east":  { "uv": [ 0.5, 2.5, 15.5, 3 ], "texture": "#texture" }
    }
},
{
    "from": [ 0, 0.5, 13 ],
    "to": [ 0.5, 15.5, 13.5 ],
    "faces": {
        "down":  { "uv": [ 0, 13.5, 0.5, 13 ], "texture": "#texture" },
        "up":    { "uv": [ 0, 13, 0.5, 13.5 ], "texture": "#texture" },
        "north": { "uv": [ 15.5, 0.5, 16, 15.5 ], "texture": "#texture" },
        "south": { "uv": [ 0, 0.5, 0.5, 15.5 ], "texture": "#texture" },
        "west":  { "uv": [ 13, 0.5, 13.5, 15.5 ], "texture": "#texture" },
        "east":  { "uv": [ 2.5, 0.5, 3, 15.5 ], "texture": "#texture" }
    }
},
{
    "from": [ 0, 0.5, 10 ],
    "to": [ 0.5, 15.5, 10.5 ],
    "faces": {
        "down":  { "uv": [ 0, 10.5, 0.5, 10 ], "texture": "#texture" },
        "up":    { "uv": [ 0, 10, 0.5, 10.5 ], "texture": "#texture" },
        "north": { "uv": [ 15.5, 0.5, 16, 15.5 ], "texture": "#texture" },
        "south": { "uv": [ 0, 0.5, 0.5, 15.5 ], "texture": "#texture" },
        "west":  { "uv": [ 10, 0.5, 10.5, 15.5 ], "texture": "#texture" },
        "east":  { "uv": [ 5.5, 0.5, 6, 15.5 ], "texture": "#texture" }
    }
},
{
    "from": [ 0, 0.5, 5.5 ],
    "to": [ 0.5, 15.5, 6 ],
    "faces": {
        "down":  { "uv": [ 0, 6, 0.5, 5.5 ], "texture": "#texture" },
        "up":    { "uv": [ 0, 5.5, 0.5, 6 ], "texture": "#texture" },
        "north": { "uv": [ 15.5, 0.5, 16, 15.5 ], "texture": "#texture" },
        "south": { "uv": [ 0, 0.5, 0.5, 15.5 ], "texture": "#texture" },
        "west":  { "uv": [ 5.5, 0.5, 6, 15.5 ], "texture": "#texture" },
        "east":  { "uv": [ 10, 0.5, 10.5, 15.5 ], "texture": "#texture" }
    }
},
{
    "from": [ 0, 0.5, 2.5 ],
    "to": [ 0.5, 15.5, 3 ],
    "faces": {
        "down":  { "uv": [ 0, 3, 0.5, 2.5 ], "texture": "#texture" },
        "up":    { "uv": [ 0, 2.5, 0.5, 3 ], "texture": "#texture" },
        "north": { "uv": [ 15.5, 0.5, 16, 15.5 ], "texture": "#texture" },
        "south": { "uv": [ 0, 0.5, 0.5, 15.5 ], "texture": "#texture" },
        "west":  { "uv": [ 2.5, 0.5, 3, 15.5 ], "texture": "#texture" },
        "east":  { "uv": [ 13, 0.5, 13.5, 15.5 ], "texture": "#texture" }
    }
},
{
    "from": [ 0, 0.5, 15.5 ],
    "to": [ 0.5, 15.5, 16 ],
    "faces": {
        "down":  { "uv": [ 0, 16, 0.5, 15.5 ], "texture": "#texture" },
        "up":    { "uv": [ 0, 15.5, 0.5, 16 ], "texture": "#texture" },
        "north": { "uv": [ 15.5, 0.5, 16, 15.5 ], "texture": "#texture" },
        "south": { "uv": [ 0, 0.5, 0.5, 15.5 ], "texture": "#texture" },
        "west":  { "uv": [ 15.5, 0.5, 16, 15.5 ], "texture": "#texture" },
        "east":  { "uv": [ 0, 0.5, 0.5, 15.5 ], "texture": "#texture" }
    }
},
{
    "from": [ 0, 0, 0 ],
    "to": [ 0.5, 0.5, 16 ],
    "faces": {
        "down":  { "uv": [ 0, 16, 0.5, 0 ], "texture": "#texture" },
        "up":    { "uv": [ 0, 0, 0.5, 16 ], "texture": "#texture" },
        "north": { "uv": [ 15.5, 15.5, 16, 16 ], "texture": "#texture" },
        "south": { "uv": [ 0, 15.5, 0.5, 16 ], "texture": "#texture" },
        "west":  { "uv": [ 0, 15.5, 16, 16 ], "texture": "#texture" },
        "east":  { "uv": [ 0, 15.5, 16, 16 ], "texture": "#texture" }
    }
},
{
    "from": [ 0.5, 2.5, 0 ],
    "to": [ 15.5, 3, 0.5 ],
    "faces": {
        "down":  { "uv": [ 0.5, 0.5, 15.5, 0 ], "texture": "#texture" },
        "up":    { "uv": [ 0.5, 0, 15.5, 0.5 ], "texture": "#texture" },
        "north": { "uv": [ 0.5, 13, 15.5, 13.5 ], "texture": "#texture" },
        "south": { "uv": [ 0.5, 13, 15.5, 13.5 ], "texture": "#texture" },
        "west":  { "uv": [ 0, 13, 0.5, 13.5 ], "texture": "#texture" },
        "east":  { "uv": [ 15.5, 13, 16, 13.5 ], "texture": "#texture" }
    }
},
{
    "from": [ 0.5, 5.5, 0 ],
    "to": [ 15.5, 6, 0.5 ],
    "faces": {
        "down":  { "uv": [ 0.5, 0.5, 15.5, 0 ], "texture": "#texture" },
        "up":    { "uv": [ 0.5, 0, 15.5, 0.5 ], "texture": "#texture" },
        "north": { "uv": [ 0.5, 10, 15.5, 10.5 ], "texture": "#texture" },
        "south": { "uv": [ 0.5, 10, 15.5, 10.5 ], "texture": "#texture" },
        "west":  { "uv": [ 0, 10, 0.5, 10.5 ], "texture": "#texture" },
        "east":  { "uv": [ 15.5, 10, 16, 10.5 ], "texture": "#texture" }
    }
},
{
    "from": [ 0.5, 10, 0 ],
    "to": [ 15.5, 10.5, 0.5 ],
    "faces": {
        "down":  { "uv": [ 0.5, 0.5, 15.5, 0 ], "texture": "#texture" },
        "up":    { "uv": [ 0.5, 0, 15.5, 0.5 ], "texture": "#texture" },
        "north": { "uv": [ 0.5, 5.5, 15.5, 6 ], "texture": "#texture" },
        "south": { "uv": [ 0.5, 5.5, 15.5, 6 ], "texture": "#texture" },
        "west":  { "uv": [ 0, 5.5, 0.5, 6 ], "texture": "#texture" },
        "east":  { "uv": [ 15.5, 5.5, 16, 6 ], "texture": "#texture" }
    }
},
{
    "from": [ 0.5, 13, 0 ],
    "to": [ 15.5, 13.5, 0.5 ],
    "faces": {
        "down":  { "uv": [ 0.5, 0.5, 15.5, 0 ], "texture": "#texture" },
        "up":    { "uv": [ 0.5, 0, 15.5, 0.5 ], "texture": "#texture" },
        "north": { "uv": [ 0.5, 2.5, 15.5, 3 ], "texture": "#texture" },
        "south": { "uv": [ 0.5, 2.5, 15.5, 3 ], "texture": "#texture" },
        "west":  { "uv": [ 0, 2.5, 0.5, 3 ], "texture": "#texture" },
        "east":  { "uv": [ 15.5, 2.5, 16, 3 ], "texture": "#texture" }
    }
},
{
    "from": [ 0, 0, 0 ],
    "to": [ 16, 0.5, 0.5 ],
    "faces": {
        "down":  { "uv": [ 0, 0.5, 16, 0 ], "texture": "#texture" },
        "up":    { "uv": [ 0, 0, 16, 0.5 ], "texture": "#texture" },
        "north": { "uv": [ 0, 15.5, 16, 16 ], "texture": "#texture" },
        "south": { "uv": [ 0, 15.5, 16, 16 ], "texture": "#texture" },
        "west":  { "uv": [ 0, 15.5, 0.5, 16 ], "texture": "#texture" },
        "east":  { "uv": [ 15.5, 15.5, 16, 16 ], "texture": "#texture" }
    }
},
{
    "from": [ 15.5, 0.5, 0 ],
    "to": [ 16, 15.5, 0.5 ],
    "faces": {
        "down":  { "uv": [ 15.5, 0.5, 16, 0 ], "texture": "#texture" },
        "up":    { "uv": [ 15.5, 0, 16, 0.5 ], "texture": "#texture" },
        "north": { "uv": [ 0, 0.5, 0.5, 15.5 ], "texture": "#texture" },
        "south": { "uv": [ 15.5, 0.5, 16, 15.5 ], "texture": "#texture" },
        "west":  { "uv": [ 0, 0.5, 0.5, 15.5 ], "texture": "#texture" },
        "east":  { "uv": [ 15.5, 0.5, 16, 15.5 ], "texture": "#texture" }
    }
},
{
    "from": [ 13, 0.5, 0 ],
    "to": [ 13.5, 15.5, 0.5 ],
    "faces": {
        "down":  { "uv": [ 13, 0.5, 13.5, 0 ], "texture": "#texture" },
        "up":    { "uv": [ 13, 0, 13.5, 0.5 ], "texture": "#texture" },
        "north": { "uv": [ 2.5, 0.5, 3, 15.5 ], "texture": "#texture" },
        "south": { "uv": [ 13, 0.5, 13.5, 15.5 ], "texture": "#texture" },
        "west":  { "uv": [ 0, 0.5, 0.5, 15.5 ], "texture": "#texture" },
        "east":  { "uv": [ 15.5, 0.5, 16, 15.5 ], "texture": "#texture" }
    }
},
{
    "from": [ 10, 0.5, 0 ],
    "to": [ 10.5, 15.5, 0.5 ],
    "faces": {
        "down":  { "uv": [ 10, 0.5, 10.5, 0 ], "texture": "#texture" },
        "up":    { "uv": [ 10, 0, 10.5, 0.5 ], "texture": "#texture" },
        "north": { "uv": [ 5.5, 0.5, 6, 15.5 ], "texture": "#texture" },
        "south": { "uv": [ 10, 0.5, 10.5, 15.5 ], "texture": "#texture" },
        "west":  { "uv": [ 0, 0.5, 0.5, 15.5 ], "texture": "#texture" },
        "east":  { "uv": [ 15.5, 0.5, 16, 15.5 ], "texture": "#texture" }
    }
},
{
    "from": [ 5.5, 0.5, 0 ],
    "to": [ 6, 15.5, 0.5 ],
    "faces": {
        "down":  { "uv": [ 5.5, 0.5, 6, 0 ], "texture": "#texture" },
        "up":    { "uv": [ 5.5, 0, 6, 0.5 ], "texture": "#texture" },
        "north": { "uv": [ 10, 0.5, 10.5, 15.5 ], "texture": "#texture" },
        "south": { "uv": [ 5.5, 0.5, 6, 15.5 ], "texture": "#texture" },
        "west":  { "uv": [ 0, 0.5, 0.5, 15.5 ], "texture": "#texture" },
        "east":  { "uv": [ 15.5, 0.5, 16, 15.5 ], "texture": "#texture" }
    }
},
{
    "from": [ 2.5, 0.5, 0 ],
    "to": [ 3, 15.5, 0.5 ],
    "faces": {
        "down":  { "uv": [ 2.5, 0.5, 3, 0 ], "texture": "#texture" },
        "up":    { "uv": [ 2.5, 0, 3, 0.5 ], "texture": "#texture" },
        "north": { "uv": [ 13, 0.5, 13.5, 15.5 ], "texture": "#texture" },
        "south": { "uv": [ 2.5, 0.5, 3, 15.5 ], "texture": "#texture" },
        "west":  { "uv": [ 0, 0.5, 0.5, 15.5 ], "texture": "#texture" },
        "east":  { "uv": [ 15.5, 0.5, 16, 15.5 ], "texture": "#texture" }
    }
},
{
    "from": [ 0, 0.5, 0 ],
    "to": [ 0.5, 15.5, 0.5 ],
    "faces": {
        "down":  { "uv": [ 0, 0.5, 0.5, 0 ], "texture": "#texture" },
        "up":    { "uv": [ 0, 0, 0.5, 0.5 ], "texture": "#texture" },
        "north": { "uv": [ 15.5, 0.5, 16, 15.5 ], "texture": "#texture" },
        "south": { "uv": [ 0, 0.5, 0.5, 15.5 ], "texture": "#texture" },
        "west":  { "uv": [ 0, 0.5, 0.5, 15.5 ], "texture": "#texture" },
        "east":  { "uv": [ 15.5, 0.5, 16, 15.5 ], "texture": "#texture" }
    }
},
{
    "from": [ 0.5, 15.5, 13 ],
    "to": [ 15.5, 16, 13.5 ],
    "faces": {
        "down":  { "uv": [ 0.5, 13.5, 15.5, 13 ], "texture": "#texture" },
        "up":    { "uv": [ 0.5, 13, 15.5, 13.5 ], "texture": "#texture" },
        "north": { "uv": [ 0.5, 0, 15.5, 0.5 ], "texture": "#texture" },
        "south": { "uv": [ 0.5, 0, 15.5, 0.5 ], "texture": "#texture" },
        "west":  { "uv": [ 13, 0, 13.5, 0.5 ], "texture": "#texture" },
        "east":  { "uv": [ 2.5, 0, 3, 0.5 ], "texture": "#texture" }
    }
},
{
    "from": [ 0.5, 15.5, 10 ],
    "to": [ 15.5, 16, 10.5 ],
    "faces": {
        "down":  { "uv": [ 0.5, 10.5, 15.5, 10 ], "texture": "#texture" },
        "up":    { "uv": [ 0.5, 10, 15.5, 10.5 ], "texture": "#texture" },
        "north": { "uv": [ 0.5, 0, 15.5, 0.5 ], "texture": "#texture" },
        "south": { "uv": [ 0.5, 0, 15.5, 0.5 ], "texture": "#texture" },
        "west":  { "uv": [ 10, 0, 10.5, 0.5 ], "texture": "#texture" },
        "east":  { "uv": [ 5.5, 0, 6, 0.5 ], "texture": "#texture" }
    }
},
{
    "from": [ 0.5, 15.5, 5.5 ],
    "to": [ 15.5, 16, 6 ],
    "faces": {
        "down":  { "uv": [ 0.5, 6, 15.5, 5.5 ], "texture": "#texture" },
        "up":    { "uv": [ 0.5, 5.5, 15.5, 6 ], "texture": "#texture" },
        "north": { "uv": [ 0.5, 0, 15.5, 0.5 ], "texture": "#texture" },
        "south": { "uv": [ 0.5, 0, 15.5, 0.5 ], "texture": "#texture" },
        "west":  { "uv": [ 5.5, 0, 6, 0.5 ], "texture": "#texture" },
        "east":  { "uv": [ 10, 0, 10.5, 0.5 ], "texture": "#texture" }
    }
},
{
    "from": [ 0.5, 15.5, 2.5 ],
    "to": [ 15.5, 16, 3 ],
    "faces": {
        "down":  { "uv": [ 0.5, 3, 15.5, 2.5 ], "texture": "#texture" },
        "up":    { "uv": [ 0.5, 2.5, 15.5, 3 ], "texture": "#texture" },
        "north": { "uv": [ 0.5, 0, 15.5, 0.5 ], "texture": "#texture" },
        "south": { "uv": [ 0.5, 0, 15.5, 0.5 ], "texture": "#texture" },
        "west":  { "uv": [ 2.5, 0, 3, 0.5 ], "texture": "#texture" },
        "east":  { "uv": [ 13, 0, 13.5, 0.5 ], "texture": "#texture" }
    }
},
{
    "from": [ 0, 15.5, 15.5 ],
    "to": [ 16, 16, 16 ],
    "faces": {
        "down":  { "uv": [ 0, 16, 16, 15.5 ], "texture": "#texture" },
        "up":    { "uv": [ 0, 15.5, 16, 16 ], "texture": "#texture" },
        "north": { "uv": [ 0, 0, 16, 0.5 ], "texture": "#texture" },
        "south": { "uv": [ 0, 0, 16, 0.5 ], "texture": "#texture" },
        "west":  { "uv": [ 15.5, 0, 16, 0.5 ], "texture": "#texture" },
        "east":  { "uv": [ 0, 0, 0.5, 0.5 ], "texture": "#texture" }
    }
},
{
    "from": [ 5.5, 15.5, 0.5 ],
    "to": [ 6, 16, 15.5 ],
    "faces": {
        "down":  { "uv": [ 5.5, 15.5, 6, 0.5 ], "texture": "#texture" },
        "up":    { "uv": [ 5.5, 0.5, 6, 15.5 ], "texture": "#texture" },
        "north": { "uv": [ 10, 0, 10.5, 0.5 ], "texture": "#texture" },
        "south": { "uv": [ 5.5, 0, 6, 0.5 ], "texture": "#texture" },
        "west":  { "uv": [ 0.5, 0, 15.5, 0.5 ], "texture": "#texture" },
        "east":  { "uv": [ 0.5, 0, 15.5, 0.5 ], "texture": "#texture" }
    }
},
{
    "from": [ 0.5, 15.5, 0 ],
    "to": [ 15.5, 16, 0.5 ],
    "faces": {
        "down":  { "uv": [ 0.5, 0.5, 15.5, 0 ], "texture": "#texture" },
        "up":    { "uv": [ 0.5, 0, 15.5, 0.5 ], "texture": "#texture" },
        "north": { "uv": [ 0.5, 0, 15.5, 0.5 ], "texture": "#texture" },
        "south": { "uv": [ 0.5, 0, 15.5, 0.5 ], "texture": "#texture" },
        "west":  { "uv": [ 0, 0, 0.5, 0.5 ], "texture": "#texture" },
        "east":  { "uv": [ 15.5, 0, 16, 0.5 ], "texture": "#texture" }
    }
},
{
    "from": [ 15.5, 15.5, 0 ],
    "to": [ 16, 16, 16 ],
    "faces": {
        "down":  { "uv": [ 15.5, 16, 16, 0 ], "texture": "#texture" },
        "up":    { "uv": [ 15.5, 0, 16, 16 ], "texture": "#texture" },
        "north": { "uv": [ 0, 0, 0.5, 0.5 ], "texture": "#texture" },
        "south": { "uv": [ 15.5, 0, 16, 0.5 ], "texture": "#texture" },
        "west":  { "uv": [ 0, 0, 16, 0.5 ], "texture": "#texture" },
        "east":  { "uv": [ 0, 0, 16, 0.5 ], "texture": "#texture" }
    }
},
{
    "from": [ 13, 15.5, 0.5 ],
    "to": [ 13.5, 16, 15.5 ],
    "faces": {
        "down":  { "uv": [ 13, 15.5, 13.5, 0.5 ], "texture": "#texture" },
        "up":    { "uv": [ 13, 0.5, 13.5, 15.5 ], "texture": "#texture" },
        "north": { "uv": [ 2.5, 0, 3, 0.5 ], "texture": "#texture" },
        "south": { "uv": [ 13, 0, 13.5, 0.5 ], "texture": "#texture" },
        "west":  { "uv": [ 0.5, 0, 15.5, 0.5 ], "texture": "#texture" },
        "east":  { "uv": [ 0.5, 0, 15.5, 0.5 ], "texture": "#texture" }
    }
},
{
    "from": [ 10, 15.5, 0.5 ],
    "to": [ 10.5, 16, 15.5 ],
    "faces": {
        "down":  { "uv": [ 10, 15.5, 10.5, 0.5 ], "texture": "#texture" },
        "up":    { "uv": [ 10, 0.5, 10.5, 15.5 ], "texture": "#texture" },
        "north": { "uv": [ 5.5, 0, 6, 0.5 ], "texture": "#texture" },
        "south": { "uv": [ 10, 0, 10.5, 0.5 ], "texture": "#texture" },
        "west":  { "uv": [ 0.5, 0, 15.5, 0.5 ], "texture": "#texture" },
        "east":  { "uv": [ 0.5, 0, 15.5, 0.5 ], "texture": "#texture" }
    }
},
{
    "from": [ 2.5, 15.5, 0.5 ],
    "to": [ 3, 16, 15.5 ],
    "faces": {
        "down":  { "uv": [ 2.5, 15.5, 3, 0.5 ], "texture": "#texture" },
        "up":    { "uv": [ 2.5, 0.5, 3, 15.5 ], "texture": "#texture" },
        "north": { "uv": [ 13, 0, 13.5, 0.5 ], "texture": "#texture" },
        "south": { "uv": [ 2.5, 0, 3, 0.5 ], "texture": "#texture" },
        "west":  { "uv": [ 0.5, 0, 15.5, 0.5 ], "texture": "#texture" },
        "east":  { "uv": [ 0.5, 0, 15.5, 0.5 ], "texture": "#texture" }
    }
},
{
    "from": [ 0, 15.5, 0 ],
    "to": [ 0.5, 16, 16 ],
    "faces": {
        "down":  { "uv": [ 0, 16, 0.5, 0 ], "texture": "#texture" },
        "up":    { "uv": [ 0, 0, 0.5, 16 ], "texture": "#texture" },
        "north": { "uv": [ 15.5, 0, 16, 0.5 ], "texture": "#texture" },
        "south": { "uv": [ 0, 0, 0.5, 0.5 ], "texture": "#texture" },
        "west":  { "uv": [ 0, 0, 16, 0.5 ], "texture": "#texture" },
        "east":  { "uv": [ 0, 0, 16, 0.5 ], "texture": "#texture" }
    }
}
]
}