{
"__comment": "Designed by Tptyfe with BDcraft Cubik PRO 0.85 Beta - http://bdcraft.net",
"ambientocclusion": false,
"textures": {
    "particle": "blocks/tnt_side",
    "bottom": "blocks/tnt_bottom",
    "side": "blocks/tnt_side",
    "top": "blocks/tnt_top"
},
"elements": [ 
{
    "from": [ 0, 0, 0 ],
    "to": [ 16, 16, 16 ],
    "faces": {
        "down":  { "uv": [ 0, 16, 16, 0 ], "texture": "#bottom" },
        "up":    { "uv": [ 0, 0, 16, 16 ], "texture": "#top" },
        "north": { "uv": [ 0, 0, 16, 16 ], "texture": "#side" },
        "south": { "uv": [ 0, 0, 16, 16 ], "texture": "#side" },
        "west":  { "uv": [ 0, 0, 16, 16 ], "texture": "#side" },
        "east":  { "uv": [ 0, 0, 16, 16 ], "texture": "#side" }
    }
},
{
    "from": [ 0, 5, -0.5 ],
    "to": [ 16.5, 11, 0 ],
    "faces": {
        "down":  { "uv": [ 0, 5, 16, 5.5 ], "texture": "#side" },
        "up":    { "uv": [ 0, 5, 16, 5.5 ], "texture": "#side" },
        "north": { "uv": [ 0, 5, 16, 11 ], "texture": "#side" },
        "south": { "uv": [ 0, 5, 16, 11 ], "texture": "#side" },
        "west":  { "uv": [ 0, 5, 0.5, 11 ], "texture": "#side" },
        "east":  { "uv": [ 0, 5, 0.5, 11 ], "texture": "#side" }
    }
},
{
    "from": [ 16, 5, 0 ],
    "to": [ 16.5, 11, 16.5 ],
    "faces": {
        "down":  { "uv": [ 0, 5, 16, 5.5 ], "rotation": 270, "texture": "#side" },
        "up":    { "uv": [ 0, 5, 16, 5.5 ], "rotation": 270, "texture": "#side" },
        "north": { "uv": [ 0, 5, 0.5, 11 ], "texture": "#side" },
        "south": { "uv": [ 0, 5, 0.5, 11 ], "texture": "#side" },
        "west":  { "uv": [ 0, 5, 16, 11 ], "texture": "#side" },
        "east":  { "uv": [ 0, 5, 16, 11 ], "texture": "#side" }
    }
},
{
    "from": [ -0.5, 5, 16 ],
    "to": [ 16, 11, 16.5 ],
    "faces": {
        "down":  { "uv": [ 0, 5, 16, 5.5 ], "texture": "#side" },
        "up":    { "uv": [ 0, 5, 16, 5.5 ], "texture": "#side" },
        "north": { "uv": [ 0, 5, 16, 11 ], "texture": "#side" },
        "south": { "uv": [ 0, 5, 16, 11 ], "texture": "#side" },
        "west":  { "uv": [ 0, 5, 0.5, 11 ], "texture": "#side" },
        "east":  { "uv": [ 0, 5, 0.5, 11 ], "texture": "#side" }
    }
},
{
    "from": [ -0.5, 5, -0.5 ],
    "to": [ 0, 11, 16 ],
    "faces": {
        "down":  { "uv": [ 0, 5.5, 16, 5 ], "rotation": 90, "texture": "#side" },
        "up":    { "uv": [ 0, 5, 16, 5.5 ], "rotation": 90, "texture": "#side" },
        "north": { "uv": [ 0, 5, 0.5, 11 ], "texture": "#side" },
        "south": { "uv": [ 0, 5, 0.5, 11 ], "texture": "#side" },
        "west":  { "uv": [ 0, 5, 16, 11 ], "texture": "#side" },
        "east":  { "uv": [ 0, 5, 16, 11 ], "texture": "#side" }
    }
}
]
}