{
     
    "ambientocclusion": false,
    "textures": {
        "particle": "blocks/redstone_dust_cross",
        "cross": "blocks/redstone_dust_cross",
        "crossoverlay": "blocks/redstone_dust_cross_overlay",
        "line": "blocks/redstone_dust_line",
        "lineoverlay": "blocks/redstone_dust_line_overlay"
    },
    "elements": [

       {   
            "__comment": "redstone center",
            "from": [ 5, 0, 5 ],
            "to": [ 11, 2, 11 ],
            "faces": {
                "down":  {"uv":[ 5, 5, 11, 11 ], "texture": "#cross",  "cullface":"down", "tintindex": 0 },
                "up":    {"uv":[ 5, 5, 11, 11 ], "texture": "#cross", "tintindex": 0 },
                "north": {"uv":[10, 7, 16, 9], "texture": "#cross", "tintindex": 0 },
                "south": {"uv":[10, 7, 16, 9], "texture": "#cross", "tintindex": 0 },
                "west": {"uv":[10, 7, 16, 9], "texture": "#cross", "tintindex": 0 },
                "east": {"uv":[10, 7, 16, 9], "texture": "#cross", "tintindex": 0 }
                         }
        },
       {   
            "__comment": "redstone arm 1",
            "from": [ 11, 0, 7 ],
            "to": [ 16, 1, 9 ],
            "faces": {
                "down":  {"uv":[ 11, 7, 16, 9 ], "texture": "#cross",  "cullface":"down", "tintindex": 0 },
                "up":    {"uv":[ 11, 7, 16, 9 ], "texture": "#cross", "tintindex": 0 },
                "north": {"uv":[ 11, 7, 16, 8 ], "texture": "#cross", "tintindex": 0 },
                "south": {"uv":[ 11, 7, 16, 8 ], "texture": "#cross", "tintindex": 0 },
                "east": {"uv":[ 7, 8, 9, 9], "texture": "#cross", "tintindex": 0 }
                         }
        },
       {   
            "__comment": "redstone arm 2",
            "from": [ 7, 0, 0 ],
            "to": [ 9, 1, 5 ],
            "faces": {
                "down":  {"uv":[ 5, 5, 11, 11 ], "texture": "#cross",  "cullface":"down", "tintindex": 0 },
                "up":    {"uv":[ 7, 0, 9, 5 ], "texture": "#cross", "tintindex": 0 },
                "north": {"uv":[ 7, 8, 9, 9], "texture": "#cross", "tintindex": 0 },
                "west": {"uv":[ 7, 0, 8, 5 ], "texture": "#cross", "tintindex": 0 , "rotation":90},
                "east": {"uv":[ 7, 0, 8, 5 ], "texture": "#cross", "tintindex": 0 , "rotation":90}
                         }
        },
       {   
            "__comment": "redstone arm 3",
            "from": [ 7, 0, 11 ],
            "to": [ 9, 1, 16 ],
            "faces": {
                "down":  {"uv":[ 5, 5, 11, 11 ], "texture": "#cross",  "cullface":"down", "tintindex": 0 },
                "up":    {"uv":[ 7, 0, 9, 5 ], "texture": "#cross", "tintindex": 0 },
                "south": {"uv":[ 7, 8, 9, 9], "texture": "#cross", "tintindex": 0 },
                "west": {"uv":[ 7, 0, 8, 5 ], "texture": "#cross", "tintindex": 0 , "rotation":90},
                "east": {"uv":[ 7, 0, 8, 5 ], "texture": "#cross", "tintindex": 0 , "rotation":90}
                         }
        },

       {   
            "__comment": "redstone line up n",
            "from": [ 7, 1, 0 ],
            "to": [ 9, 17, 1 ],
            "faces": {
                "up":    {"uv":[ 1, 7, 2, 8 ], "texture": "#cross",    "rotation":90, "tintindex": 0 },
                "north": {"uv":[ 0, 7, 16, 9 ], "texture": "#cross", "rotation":90, "tintindex": 0 },
                "south": {"uv":[ 0, 7, 16, 9 ], "texture": "#cross", "rotation":90, "tintindex": 0 },
                "west": {"uv":[ 0, 7, 16, 8], "texture": "#cross", "rotation":90, "tintindex": 0 },
                "east": {"uv":[ 0, 7, 16, 8], "texture": "#cross", "rotation":90, "tintindex": 0 }
                         }
        },
       {   
            "__comment": "redstone line up s",
            "from": [ 7, 1, 15 ],
            "to": [ 9, 17, 16 ],
            "faces": {
                "up":    {"uv":[ 1, 7, 2, 8 ], "texture": "#cross",    "rotation":90, "tintindex": 0 },
                "north": {"uv":[ 0, 7, 16, 9 ], "texture": "#cross", "rotation":90, "tintindex": 0 },
                "south": {"uv":[ 0, 7, 16, 9 ], "texture": "#cross", "rotation":90, "tintindex": 0 },
                "west": {"uv":[ 0, 7, 16, 8], "texture": "#cross", "rotation":90, "tintindex": 0 },
                "east": {"uv":[ 0, 7, 16, 8], "texture": "#cross", "rotation":90, "tintindex": 0 }
                         }
        }


    ]
}
