{
     
    "ambientocclusion": false,
    "textures": {
        "particle": "blocks/redstone_dust_cross",
        "cross": "blocks/redstone_dust_cross",
        "crossoverlay": "blocks/redstone_dust_cross_overlay",
        "line": "blocks/redstone_dust_line",
        "lineoverlay": "blocks/redstone_dust_line_overlay"
    },
    "elements": [

       {   
            "__comment": "redstone line",
            "type": "cube",
            "from": [ 7, 0, 0 ],
            "to": [ 9, 1, 16 ],
            "faces": {
                "down":  {"uv":[ 0, 7, 16, 9 ], "texture": "#line", "cullface":"down", "rotation":90, "tintindex": 0 },
                "up":    {"uv":[ 0, 7, 16, 9 ], "texture": "#line", "cullface":"up", "rotation":90, "tintindex": 0 },
                "north": {"uv":[ 7, 8, 9, 9], "texture": "#line", "tintindex": 0 },
                "south": {"uv":[ 7, 8, 9, 9], "texture": "#line", "tintindex": 0 },
                "west": {"uv":[ 0, 7, 16, 8], "texture": "#line", "tintindex": 0 },
                "east": {"uv":[ 0, 7, 16, 8], "texture": "#line", "tintindex": 0 }
                         }
        },

       {   
            "__comment": "redstone line up n",
            "from": [ 7, 1, 0 ],
            "to": [ 9, 17, 1 ],
            "faces": {
                "up":    {"uv":[ 1, 7, 2, 8 ], "texture": "#cross",    "rotation":90, "tintindex": 0 },
                "north": {"uv":[ 0, 7, 16, 9 ], "texture": "#cross", "rotation":90, "tintindex": 0 },
                "south": {"uv":[ 0, 7, 16, 9 ], "texture": "#cross", "rotation":90, "tintindex": 0 },
                "west": {"uv":[ 0, 7, 16, 8], "texture": "#cross", "rotation":90, "tintindex": 0 },
                "east": {"uv":[ 0, 7, 16, 8], "texture": "#cross", "rotation":90, "tintindex": 0 }
                         }
        }


    ]
}
